timestamp,x,y,z,w
1511885699573382,-0.117737,-0.599609,-0.0163574,-0.791443
1511885699596445,-0.117737,-0.599854,-0.0175781,-0.79126
1511885699619512,-0.117859,-0.600098,-0.0186768,-0.791016
1511885699634546,-0.118103,-0.600281,-0.0198975,-0.790833
1511885699656307,-0.118103,-0.600281,-0.0212402,-0.790771
1511885699679350,-0.118164,-0.60022,-0.022522,-0.790771
1511885699725593,-0.118286,-0.600037,-0.0239258,-0.790833
1511885699727594,-0.118225,-0.599854,-0.0252686,-0.791016
1511885699740381,-0.118103,-0.599426,-0.0265503,-0.79126
1511885699757429,-0.118164,-0.599121,-0.02771,-0.791504
1511885699777482,-0.118103,-0.598755,-0.0289917,-0.791687
1511885699799577,-0.117737,-0.598511,-0.0302124,-0.791931
1511885699843660,-0.117554,-0.598145,-0.031311,-0.792114
1511885699853707,-0.117371,-0.5979,-0.0322876,-0.792297
1511885699859705,-0.117249,-0.597717,-0.0332642,-0.79248
1511885699874740,-0.116943,-0.597534,-0.0342407,-0.792603
1511885699897806,-0.116516,-0.597473,-0.0352783,-0.792664
1511885699918909,-0.116211,-0.597473,-0.0359497,-0.792664
1511885699934935,-0.115967,-0.597534,-0.036438,-0.792603
1511885699957036,-0.115723,-0.597595,-0.0369263,-0.792603
1511885699978051,-0.115295,-0.597656,-0.0375366,-0.792603
1511885699995093,-0.114685,-0.597778,-0.038147,-0.792542
1511885700017151,-0.114258,-0.597778,-0.0385742,-0.792603
1511885700040243,-0.114136,-0.597839,-0.0388184,-0.792542
1511885700055254,-0.114197,-0.598022,-0.0391235,-0.792358
1511885700077318,-0.114075,-0.598267,-0.0396118,-0.792236
1511885700098371,-0.113586,-0.59845,-0.0402222,-0.792114
1511885700115413,-0.112915,-0.598511,-0.0408936,-0.792114
1511885700137472,-0.112488,-0.598572,-0.0412598,-0.792114
1511885700158754,-0.112488,-0.598633,-0.0415039,-0.792053
1511885700174724,-0.11261,-0.598816,-0.0419312,-0.79187
1511885700197018,-0.112488,-0.598938,-0.0426025,-0.791748
1511885700218305,-0.112122,-0.59906,-0.043396,-0.791687
1511885700235243,-0.111633,-0.599182,-0.0441895,-0.791626
1511885700257303,-0.111145,-0.599182,-0.0447388,-0.791626
1511885700280359,-0.110901,-0.599182,-0.0450439,-0.791626
1511885700294400,-0.110779,-0.599304,-0.0453491,-0.791565
1511885700317485,-0.110657,-0.599426,-0.0457153,-0.791504
1511885700339517,-0.110229,-0.599487,-0.0462036,-0.791443
1511885700354557,-0.109619,-0.599487,-0.0465088,-0.791565
1511885700377618,-0.109436,-0.599426,-0.0465088,-0.791626
1511885700399676,-0.109619,-0.599365,-0.0463257,-0.791626
1511885700414715,-0.109741,-0.599365,-0.0463867,-0.791626
1511885700437781,-0.10968,-0.599304,-0.0464478,-0.791687
1511885700459841,-0.109619,-0.599243,-0.0464478,-0.791687
1511885700474881,-0.109497,-0.598938,-0.0462646,-0.791992
1511885700497937,-0.109436,-0.598511,-0.0460205,-0.792297
1511885700519997,-0.109253,-0.597778,-0.0455933,-0.792908
1511885700535036,-0.109924,-0.59668,-0.0443115,-0.793701
1511885700557140,-0.111389,-0.595215,-0.0429688,-0.794678
1511885700580155,-0.112366,-0.59314,-0.0419312,-0.796143
1511885700601214,-0.113525,-0.589783,-0.0400391,-0.798584
1511885700617254,-0.116638,-0.5849,-0.0372925,-0.80188
1511885700640469,-0.121216,-0.579102,-0.0332642,-0.805542
1511885700660645,-0.127686,-0.571716,-0.0280762,-0.810059
1511885700677692,-0.135315,-0.561829,-0.0231323,-0.815857
1511885700699749,-0.144714,-0.549194,-0.0174561,-0.822937
1511885700720963,-0.156921,-0.534546,-0.0114746,-0.830444
1511885700737005,-0.170471,-0.518799,-0.00537109,-0.837769
1511885700760067,-0.185547,-0.502136,0.000549316,-0.844727
1511885700781122,-0.201538,-0.483276,0.00634766,-0.85199
1511885700797168,-0.217285,-0.462708,0.0110474,-0.859436
1511885700820273,-0.232422,-0.440552,0.0145874,-0.867065
1511885700842291,-0.247986,-0.41687,0.0178833,-0.874329
1511885700865350,-0.262634,-0.391968,0.0201416,-0.88147
1511885700879388,-0.276001,-0.366211,0.0209961,-0.888489
1511885700902476,-0.28894,-0.339417,0.0202026,-0.894958
1511885700925515,-0.302124,-0.311829,0.0174561,-0.900696
1511885700939544,-0.315674,-0.283203,0.0132446,-0.905579
1511885700953584,-0.329773,-0.253906,0.00689697,-0.909302
1511885700975640,-0.341614,-0.224487,-0.00262451,-0.912659
1511885700998818,-0.352173,-0.194885,-0.0148315,-0.915344
1511885701013744,-0.361816,-0.165405,-0.0291138,-0.917053
1511885701035922,-0.369141,-0.136292,-0.0457764,-0.918213
1511885701058989,-0.37439,-0.107666,-0.06427,-0.918762
1511885701081923,-0.378723,-0.0797729,-0.0838623,-0.918274
1511885701095960,-0.382568,-0.0527344,-0.104858,-0.916504
1511885701119021,-0.387207,-0.0267334,-0.12738,-0.912781
1511885701141081,-0.3927,-0.00238037,-0.151428,-0.907166
1511885701156119,-0.396851,0.0202026,-0.176086,-0.900635
1511885701178238,-0.396851,0.0415649,-0.201172,-0.894653
1511885701210264,-0.395142,0.0615845,-0.227051,-0.888062
1511885701216347,-0.393555,0.0789795,-0.253662,-0.880127
1511885701238342,-0.392029,0.0932617,-0.280151,-0.871338
1511885701261401,-0.388733,0.105042,-0.306213,-0.862671
1511885701276461,-0.380676,0.115417,-0.331177,-0.855652
1511885701298501,-0.369995,0.124207,-0.355591,-0.849304
1511885701321813,-0.360535,0.130066,-0.380005,-0.841919
1511885701336043,-0.352966,0.131714,-0.404236,-0.833496
1511885701358038,-0.344238,0.130127,-0.42749,-0.825745
1511885701382098,-0.332214,0.126343,-0.449707,-0.819458
1511885701396138,-0.319275,0.1203,-0.470764,-0.81366
1511885701418237,-0.309387,0.111328,-0.490845,-0.806885
1511885701441296,-0.302246,0.0983887,-0.509583,-0.799622
1511885701456299,-0.291748,0.0819092,-0.526489,-0.794434
1511885701478358,-0.273071,0.0656738,-0.541565,-0.792419
1511885701501458,-0.252625,0.0501099,-0.554749,-0.791199
1511885701516483,-0.239685,0.0307617,-0.566284,-0.788025
1511885701538514,-0.234192,0.00280762,-0.5755,-0.783569
1511885701561748,-0.223572,-0.0274658,-0.582153,-0.781311
1511885701575846,-0.209229,-0.0537109,-0.586975,-0.780334
1511885701598792,-0.193787,-0.0796509,-0.590271,-0.779602
1511885701621859,-0.177002,-0.109558,-0.591675,-0.77887
1511885701635933,-0.15448,-0.137573,-0.590637,-0.780029
1511885701658955,-0.134216,-0.162292,-0.588928,-0.780334
1511885701682013,-0.122681,-0.19165,-0.58429,-0.779053
1511885701696276,-0.11615,-0.226929,-0.576477,-0.776428
1511885701718334,-0.103516,-0.263062,-0.567017,-0.773743
1511885701741643,-0.0825195,-0.2901,-0.557373,-0.77356
1511885701756563,-0.0611572,-0.309998,-0.547485,-0.774963
1511885701778624,-0.0514526,-0.335571,-0.532043,-0.775757
1511885701801723,-0.0510254,-0.369873,-0.510803,-0.774475
1511885701815769,-0.050293,-0.408997,-0.484375,-0.77179
1511885701839782,-0.0424805,-0.439331,-0.456787,-0.772461
1511885701861891,-0.0286865,-0.459412,-0.430298,-0.77655
1511885701875934,-0.0205078,-0.47876,-0.398438,-0.782104
1511885701898968,-0.0198975,-0.500854,-0.36084,-0.78656
1511885701922000,-0.0222168,-0.52301,-0.319092,-0.7901
1511885701936223,-0.0205078,-0.536255,-0.280762,-0.795837
1511885701958220,-0.0161133,-0.541504,-0.245728,-0.803894
1511885701982164,-0.0146484,-0.543152,-0.212219,-0.812317
1511885701996203,-0.0178833,-0.543823,-0.179382,-0.819641
1511885702018299,-0.0227661,-0.540894,-0.147583,-0.82782
1511885702041362,-0.027771,-0.532898,-0.118469,-0.837463
1511885702056383,-0.0372314,-0.521606,-0.0915527,-0.847473
1511885702078417,-0.0516357,-0.507935,-0.067627,-0.857239
1511885702102480,-0.0692139,-0.491882,-0.0467529,-0.866699
1511885702115514,-0.0861816,-0.473022,-0.0296021,-0.876343
1511885702138576,-0.105286,-0.45166,-0.0160522,-0.885864
1511885702161637,-0.125549,-0.428101,-0.00708008,-0.894958
1511885702175674,-0.143433,-0.403076,-0.0020752,-0.903931
1511885702198762,-0.158264,-0.376648,-0.00012207,-0.912781
1511885702221797,-0.171265,-0.348694,-0.0012207,-0.921509
1511885702235951,-0.183411,-0.320313,-0.00524902,-0.929443
1511885702258970,-0.196045,-0.291565,-0.0113525,-0.936218
1511885702281961,-0.211548,-0.262695,-0.0183716,-0.941284
1511885702304191,-0.225159,-0.233582,-0.0281372,-0.945557
1511885702318056,-0.237061,-0.204346,-0.0407104,-0.948914
1511885702342117,-0.24823,-0.175293,-0.0549316,-0.951172
1511885702356157,-0.259094,-0.146301,-0.0703735,-0.952148
1511885702378216,-0.27063,-0.117493,-0.0863037,-0.951599
1511885702401538,-0.281494,-0.0893555,-0.103516,-0.949829
1511885702415575,-0.290405,-0.0623169,-0.121887,-0.947144
1511885702438789,-0.297241,-0.0360107,-0.141296,-0.943665
1511885702460741,-0.302124,-0.0100708,-0.161865,-0.939392
1511885702475855,-0.30603,0.0151978,-0.183228,-0.934143
1511885702498796,-0.30658,0.0394287,-0.20459,-0.928772
1511885702521064,-0.303528,0.0619507,-0.225342,-0.923767
1511885702536298,-0.299011,0.0839233,-0.245361,-0.918396
1511885702558165,-0.296509,0.105408,-0.264893,-0.91156
1511885702581227,-0.294739,0.124573,-0.283752,-0.903992
1511885702596288,-0.292114,0.140564,-0.30127,-0.89679
1511885702618500,-0.288208,0.154175,-0.317627,-0.890137
1511885702641399,-0.284058,0.166565,-0.333069,-0.883606
1511885702656460,-0.280334,0.177612,-0.347595,-0.877014
1511885702678486,-0.276489,0.18689,-0.361694,-0.870544
1511885702700851,-0.273315,0.193542,-0.374573,-0.864624
1511885702715894,-0.270142,0.19812,-0.386169,-0.859497
1511885702737997,-0.266724,0.200806,-0.396912,-0.855042
1511885702761014,-0.263916,0.201721,-0.406799,-0.851013
1511885702776161,-0.261719,0.201294,-0.414856,-0.8479
1511885702798114,-0.258789,0.200012,-0.420959,-0.846069
1511885702821297,-0.256042,0.197632,-0.426025,-0.844971
1511885702836341,-0.255066,0.194519,-0.430298,-0.843811
1511885702858398,-0.256042,0.189758,-0.433594,-0.842896
1511885702880457,-0.25769,0.184021,-0.435547,-0.842712
1511885702895493,-0.258423,0.179016,-0.436279,-0.84314
1511885702918554,-0.258057,0.174866,-0.436279,-0.844116
1511885702940617,-0.258484,0.170471,-0.435364,-0.845398
1511885702955784,-0.259888,0.166321,-0.433594,-0.84668
1511885702978843,-0.261292,0.162659,-0.43158,-0.848022
1511885703001118,-0.26239,0.160156,-0.429626,-0.849121
1511885703016190,-0.263489,0.158386,-0.427612,-0.850098
1511885703038283,-0.264771,0.157043,-0.425476,-0.851074
1511885703061343,-0.266235,0.155823,-0.423767,-0.851685
1511885703076452,-0.268005,0.154602,-0.422607,-0.851929
1511885703098436,-0.270203,0.153259,-0.421631,-0.851929
1511885703120498,-0.271179,0.153076,-0.42041,-0.852234
1511885703135535,-0.271057,0.153564,-0.419373,-0.852722
1511885703158600,-0.27124,0.153687,-0.418823,-0.852905
1511885703180656,-0.272095,0.15332,-0.41864,-0.852783
1511885703195698,-0.273071,0.153076,-0.418457,-0.8526
1511885703218761,-0.273621,0.153442,-0.418396,-0.852417
1511885703240997,-0.273987,0.153687,-0.418335,-0.852295
1511885703256114,-0.274353,0.153625,-0.418396,-0.852173
1511885703278072,-0.274536,0.15332,-0.418762,-0.85199
1511885703301308,-0.274963,0.152283,-0.419189,-0.851807
1511885703316165,-0.275391,0.151367,-0.419312,-0.851807
1511885703338255,-0.274841,0.151123,-0.419495,-0.851929
1511885703361406,-0.274292,0.15094,-0.419922,-0.851929
1511885703377325,-0.273926,0.150452,-0.42041,-0.851868
1511885703398384,-0.27417,0.149719,-0.420837,-0.851685
1511885703420575,-0.274597,0.149048,-0.421204,-0.851501
1511885703437617,-0.274353,0.148926,-0.421326,-0.851501
1511885703458675,-0.274048,0.148926,-0.42157,-0.851501
1511885703480861,-0.273987,0.148682,-0.422119,-0.851318
1511885703497867,-0.274353,0.148315,-0.422729,-0.850952
1511885703518934,-0.274719,0.147949,-0.423157,-0.850647
1511885703540894,-0.274475,0.14801,-0.423401,-0.850647
1511885703557106,-0.27417,0.148376,-0.423767,-0.850464
1511885703578236,-0.274231,0.14856,-0.424316,-0.850159
1511885703601293,-0.274719,0.148132,-0.424744,-0.849854
1511885703617221,-0.274902,0.147827,-0.425049,-0.849731
1511885703638311,-0.274719,0.147766,-0.425171,-0.849731
1511885703660498,-0.274597,0.147827,-0.425537,-0.849548
1511885703677580,-0.274841,0.147766,-0.425964,-0.849304
1511885703698638,-0.275085,0.147705,-0.42627,-0.84906
1511885703720722,-0.275208,0.147644,-0.426453,-0.848938
1511885703744760,-0.275269,0.147522,-0.426636,-0.848816
1511885703758938,-0.275391,0.1474,-0.42688,-0.848694
1511885703780856,-0.275696,0.147095,-0.427063,-0.848572
1511885703803151,-0.276062,0.146484,-0.427246,-0.84845
1511885703818080,-0.27594,0.146118,-0.42749,-0.84845
1511885703841165,-0.275635,0.145935,-0.427734,-0.84845
1511885703863223,-0.275696,0.145508,-0.427795,-0.848511
1511885703878335,-0.275452,0.145264,-0.427795,-0.848572
1511885703901395,-0.274902,0.144958,-0.427917,-0.848755
1511885703923565,-0.274658,0.144775,-0.428223,-0.848694
1511885703941506,-0.274841,0.144531,-0.428467,-0.848572
1511885703960555,-0.275146,0.144104,-0.428528,-0.848511
1511885703983616,-0.275146,0.143921,-0.42865,-0.848511
1511885703998656,-0.274841,0.144104,-0.428772,-0.848511
1511885704020729,-0.274902,0.143982,-0.429016,-0.848389
1511885704043890,-0.27533,0.143616,-0.429199,-0.848206
1511885704058879,-0.275513,0.143372,-0.429443,-0.848083
1511885704080875,-0.275452,0.143494,-0.429688,-0.847961
1511885704103994,-0.275391,0.143494,-0.429993,-0.847778
1511885704117973,-0.275452,0.143372,-0.430298,-0.847656
1511885704141203,-0.275513,0.14325,-0.43042,-0.847595
1511885704163093,-0.275452,0.143188,-0.430603,-0.847534
1511885704178131,-0.275757,0.142822,-0.430847,-0.847351
1511885704201194,-0.27655,0.14209,-0.431091,-0.847107
1511885704223261,-0.276794,0.141541,-0.431396,-0.846924
1511885704238318,-0.276672,0.141296,-0.431824,-0.846802
1511885704261471,-0.27655,0.140869,-0.432251,-0.84668
1511885704283570,-0.276489,0.140442,-0.432617,-0.846619
1511885704298571,-0.276367,0.140137,-0.433044,-0.846497
1511885704320668,-0.276306,0.140137,-0.433472,-0.846313
1511885704343800,-0.276245,0.139954,-0.433899,-0.84613
1511885704359730,-0.276367,0.139832,-0.434143,-0.845947
1511885704380787,-0.27655,0.139709,-0.434509,-0.845764
1511885704403079,-0.276855,0.139526,-0.434875,-0.845459
1511885704420025,-0.277039,0.13916,-0.435059,-0.845398
1511885704441262,-0.277039,0.139099,-0.434998,-0.845459
1511885704463142,-0.276978,0.139038,-0.434998,-0.845459
1511885704480187,-0.2771,0.138672,-0.435242,-0.845337
1511885704501277,-0.2771,0.138367,-0.435425,-0.845337
1511885704523322,-0.277039,0.138245,-0.435486,-0.845337
1511885704540351,-0.276794,0.138428,-0.435669,-0.845276
1511885704560397,-0.277161,0.13855,-0.435852,-0.845032
1511885704583575,-0.278015,0.138367,-0.436096,-0.844666
1511885704599501,-0.278992,0.138,-0.436279,-0.844299
1511885704620602,-0.279114,0.137939,-0.436218,-0.844299
1511885704643618,-0.279114,0.137939,-0.436218,-0.844299
1511885704659664,-0.279358,0.13739,-0.43634,-0.844238
1511885704680847,-0.279846,0.13678,-0.436584,-0.844055
1511885704703083,-0.280029,0.136169,-0.436829,-0.843994
1511885704720124,-0.280029,0.135803,-0.437195,-0.843872
1511885704742182,-0.280151,0.135437,-0.4375,-0.843689
1511885704763488,-0.280151,0.135132,-0.437866,-0.843567
1511885704779533,-0.28009,0.134766,-0.43811,-0.843506
1511885704801477,-0.279968,0.134644,-0.438232,-0.843506
1511885704823574,-0.279846,0.134399,-0.438354,-0.843567
1511885704839573,-0.280212,0.13385,-0.438599,-0.843384
1511885704860754,-0.281067,0.132996,-0.438721,-0.84314
1511885704882972,-0.281189,0.132935,-0.43866,-0.84314
1511885704901016,-0.280762,0.133118,-0.43866,-0.843262
1511885704921072,-0.280518,0.133301,-0.438782,-0.843262
1511885704943279,-0.280701,0.133118,-0.438904,-0.84314
1511885704960326,-0.281067,0.13269,-0.439087,-0.843018
1511885704989406,-0.28125,0.132385,-0.439209,-0.842957
1511885705003482,-0.280701,0.132629,-0.439148,-0.843079
1511885705019493,-0.280212,0.133179,-0.439209,-0.843201
1511885705040580,-0.280396,0.133484,-0.439331,-0.843018
1511885705063921,-0.281067,0.133484,-0.439514,-0.842712
1511885705079937,-0.281738,0.133484,-0.439575,-0.842407
1511885705100993,-0.281738,0.133728,-0.439514,-0.842407
1511885705124077,-0.281494,0.134094,-0.439453,-0.842468
1511885705140100,-0.281555,0.134338,-0.439575,-0.842346
1511885705161152,-0.281738,0.134644,-0.439758,-0.842102
1511885705183212,-0.281982,0.134827,-0.43988,-0.84198
1511885705200256,-0.282043,0.13501,-0.440002,-0.841858
1511885705221311,-0.282104,0.135193,-0.440063,-0.841797
1511885705243778,-0.282043,0.135376,-0.440125,-0.841736
1511885705267773,-0.282288,0.135254,-0.440247,-0.841614
1511885705282696,-0.282837,0.134644,-0.44043,-0.841431
1511885705303177,-0.283142,0.134155,-0.440613,-0.841309
1511885705320315,-0.283081,0.134216,-0.440735,-0.841248
1511885705342253,-0.282898,0.134338,-0.440796,-0.841248
1511885705363309,-0.283264,0.134155,-0.440979,-0.841064
1511885705379352,-0.283997,0.133728,-0.441101,-0.84082
1511885705402416,-0.284058,0.133667,-0.44104,-0.84082
1511885705423510,-0.284119,0.133606,-0.44104,-0.84082
1511885705439618,-0.284363,0.133423,-0.441101,-0.840759
1511885705462661,-0.285034,0.133118,-0.441223,-0.840515
1511885705483717,-0.285461,0.133179,-0.441406,-0.840271
1511885705499757,-0.285828,0.13324,-0.44165,-0.840027
1511885705522939,-0.286194,0.132996,-0.441895,-0.839783
1511885705545882,-0.286743,0.13269,-0.442261,-0.839417
1511885705559917,-0.287231,0.132568,-0.442627,-0.839111
1511885705581975,-0.288025,0.132385,-0.443176,-0.838562
1511885705603034,-0.289612,0.131897,-0.443726,-0.83783
1511885705620080,-0.291321,0.131348,-0.444153,-0.837097
1511885705642135,-0.292664,0.130981,-0.44458,-0.836426
1511885705663194,-0.293945,0.130676,-0.445129,-0.835754
1511885705680240,-0.295471,0.130188,-0.445923,-0.834839
1511885705702304,-0.297424,0.129395,-0.446838,-0.833801
1511885705723393,-0.299255,0.128906,-0.447693,-0.832764
1511885705741426,-0.300537,0.128601,-0.448792,-0.831787
1511885705762455,-0.30249,0.127991,-0.450195,-0.830383
1511885705783514,-0.306458,0.126526,-0.45166,-0.828369
1511885705805700,-0.311218,0.124695,-0.453125,-0.82605
1511885705823888,-0.315308,0.123291,-0.455017,-0.823669
1511885705843113,-0.319763,0.121582,-0.457825,-0.820679
1511885705866220,-0.325928,0.119141,-0.460938,-0.816833
1511885705882261,-0.333191,0.116089,-0.464111,-0.8125
1511885705903507,-0.340332,0.112793,-0.467957,-0.8078
1511885705926405,-0.346008,0.109009,-0.473022,-0.802979
1511885705942481,-0.350586,0.104614,-0.479431,-0.797729
1511885705963579,-0.355652,0.0990601,-0.485901,-0.792236
1511885705985596,-0.358704,0.0927734,-0.492676,-0.787476
1511885706002755,-0.355591,0.086731,-0.500183,-0.78479
1511885706024736,-0.349915,0.0796509,-0.508972,-0.782471
1511885706045851,-0.345459,0.0693359,-0.51825,-0.779358
1511885706061987,-0.342285,0.0547485,-0.526672,-0.776245
1511885706083086,-0.333069,0.0390625,-0.53479,-0.775635
1511885706106106,-0.319214,0.0237427,-0.542236,-0.776917
1511885706122147,-0.307007,0.00610352,-0.549683,-0.776978
1511885706143224,-0.29718,-0.0152588,-0.555908,-0.776245
1511885706166266,-0.285889,-0.0394287,-0.560547,-0.776306
1511885706184328,-0.271545,-0.0643311,-0.56366,-0.777527
1511885706204364,-0.256531,-0.0887451,-0.565613,-0.778748
1511885706225420,-0.246704,-0.117126,-0.565063,-0.778564
1511885706242465,-0.238464,-0.150513,-0.561035,-0.778381
1511885706264568,-0.226257,-0.185364,-0.554871,-0.778931
1511885706285702,-0.207886,-0.216553,-0.548218,-0.780701
1511885706302628,-0.193298,-0.248657,-0.538391,-0.781677
1511885706324689,-0.180847,-0.284607,-0.52417,-0.782104
1511885706345849,-0.164429,-0.318481,-0.508728,-0.782837
1511885706361891,-0.144653,-0.346436,-0.49292,-0.784973
1511885706384948,-0.126709,-0.372559,-0.473572,-0.788025
1511885706406003,-0.111145,-0.399109,-0.451538,-0.790344
1511885706422049,-0.0980835,-0.426514,-0.426758,-0.791504
1511885706445144,-0.0877686,-0.451904,-0.399231,-0.792969
1511885706466166,-0.0791016,-0.472656,-0.370483,-0.795715
1511885706482206,-0.0723877,-0.489807,-0.341125,-0.799133
1511885706505269,-0.0665283,-0.503296,-0.312195,-0.80304
1511885706526404,-0.0632935,-0.514343,-0.282715,-0.807251
1511885706542371,-0.0630493,-0.521057,-0.253113,-0.812744
1511885706564469,-0.064209,-0.522766,-0.225342,-0.819702
1511885706585510,-0.0684814,-0.521729,-0.198486,-0.826904
1511885706602529,-0.0752563,-0.517761,-0.17334,-0.834412
1511885706624585,-0.0839233,-0.509155,-0.150696,-0.843262
1511885706645643,-0.0945435,-0.49762,-0.130066,-0.852417
1511885706662689,-0.107239,-0.484314,-0.11084,-0.861267
1511885706684784,-0.122253,-0.468628,-0.093689,-0.869934
1511885706705808,-0.138733,-0.450867,-0.0783691,-0.878296
1511885706722847,-0.155701,-0.430969,-0.0650024,-0.886475
1511885706744906,-0.171265,-0.409302,-0.0549927,-0.894531
1511885706766169,-0.184937,-0.386292,-0.0472412,-0.902466
1511885706782095,-0.197754,-0.362244,-0.0407715,-0.909973
1511885706805151,-0.210571,-0.337646,-0.0358887,-0.916748
1511885706826326,-0.221741,-0.312622,-0.03302,-0.923096
1511885706842251,-0.232056,-0.287048,-0.031311,-0.928894
1511885706865315,-0.242859,-0.261536,-0.0304565,-0.933655
1511885706886454,-0.253174,-0.236572,-0.0311279,-0.937561
1511885706902414,-0.261902,-0.211487,-0.0333252,-0.941101
1511885706924469,-0.269226,-0.186584,-0.0371094,-0.944153
1511885706945527,-0.276672,-0.162109,-0.0418701,-0.946289
1511885706962574,-0.284119,-0.138306,-0.0477905,-0.947632
1511885706984631,-0.291199,-0.115051,-0.0552368,-0.948181
1511885707005685,-0.297913,-0.0924072,-0.0643921,-0.947998
1511885707021928,-0.303406,-0.0701904,-0.0748901,-0.947388
1511885707045164,-0.306946,-0.048645,-0.0866699,-0.946594
1511885707066347,-0.308533,-0.027771,-0.0994263,-0.945618
1511885707082393,-0.310181,-0.00744629,-0.112976,-0.94397
1511885707104446,-0.312439,0.0118408,-0.127136,-0.941345
1511885707125544,-0.313965,0.0303955,-0.142456,-0.938232
1511885707141547,-0.315857,0.0479126,-0.158203,-0.934326
1511885707163643,-0.317261,0.0645752,-0.174316,-0.929993
1511885707186667,-0.317322,0.0801392,-0.190674,-0.925537
1511885707201871,-0.316711,0.0948486,-0.207031,-0.920837
1511885707223766,-0.315979,0.108521,-0.223755,-0.915649
1511885707246827,-0.315125,0.120605,-0.240601,-0.910095
1511885707261980,-0.312683,0.132019,-0.257629,-0.904724
1511885707284070,-0.309387,0.142944,-0.274719,-0.89917
1511885707306437,-0.306274,0.153137,-0.292175,-0.893005
1511885707322296,-0.302612,0.162231,-0.309631,-0.886719
1511885707344354,-0.297363,0.170593,-0.326782,-0.880798
1511885707368550,-0.290771,0.178467,-0.343567,-0.875
1511885707382470,-0.284729,0.185425,-0.360596,-0.868652
1511885707403730,-0.279297,0.191101,-0.37738,-0.862061
1511885707426816,-0.273865,0.195923,-0.393738,-0.855408
1511885707448899,-0.268616,0.200012,-0.409546,-0.848633
1511885707464186,-0.263428,0.203186,-0.424988,-0.841858
1511885707486346,-0.256592,0.205017,-0.440308,-0.835632
1511885707509324,-0.250122,0.205872,-0.454834,-0.82959
1511885707524366,-0.243408,0.205811,-0.468323,-0.824097
1511885707546422,-0.237183,0.204895,-0.48053,-0.819092
1511885707569443,-0.231445,0.20343,-0.49176,-0.814453
1511885707583481,-0.226196,0.200745,-0.501404,-0.81073
1511885707606542,-0.220947,0.197998,-0.509216,-0.807922
1511885707628729,-0.214844,0.196411,-0.515686,-0.805847
1511885707643768,-0.209961,0.194397,-0.521545,-0.803894
1511885707666926,-0.208069,0.190979,-0.526428,-0.802002
1511885707688983,-0.20697,0.187561,-0.529785,-0.800903
1511885707704141,-0.205383,0.18512,-0.531982,-0.800415
1511885707726203,-0.203552,0.183411,-0.533569,-0.800171
1511885707750264,-0.202759,0.181763,-0.534729,-0.799988
1511885707764304,-0.203491,0.179871,-0.5354,-0.799805
1511885707786486,-0.20459,0.17804,-0.535339,-0.799927
1511885707803406,-0.205566,0.176697,-0.53479,-0.800415
1511885707824639,-0.205933,0.175476,-0.533875,-0.801147
1511885707846631,-0.206787,0.173889,-0.532776,-0.802002
1511885707862564,-0.208435,0.171875,-0.531555,-0.802856
1511885707884660,-0.210205,0.169861,-0.530396,-0.803589
1511885707913935,-0.211609,0.168152,-0.529175,-0.804382
1511885707929006,-0.212524,0.166626,-0.527954,-0.805237
1511885707944088,-0.212952,0.165344,-0.526672,-0.806213
1511885707966141,-0.213318,0.164368,-0.52533,-0.80719
1511885707982181,-0.213928,0.163147,-0.524231,-0.808044
1511885708004360,-0.214478,0.161865,-0.523254,-0.808777
1511885708026510,-0.214966,0.16095,-0.522339,-0.809387
1511885708042461,-0.215942,0.160095,-0.521423,-0.809875
1511885708063859,-0.217102,0.159241,-0.520325,-0.810486
1511885708087135,-0.217896,0.158508,-0.519409,-0.810974
1511885708102077,-0.218567,0.157898,-0.518738,-0.81134
1511885708124269,-0.219727,0.157166,-0.51825,-0.811523
1511885708146285,-0.220642,0.156677,-0.517639,-0.811707
1511885708162411,-0.220886,0.156677,-0.516968,-0.812073
1511885708184585,-0.220947,0.156616,-0.516479,-0.812378
1511885708206541,-0.221252,0.15625,-0.516174,-0.812561
1511885708222484,-0.221436,0.15625,-0.51593,-0.812683
1511885708243541,-0.22168,0.156372,-0.515686,-0.812744
1511885708266606,-0.222229,0.156372,-0.515503,-0.812744
1511885708282648,-0.223206,0.155945,-0.515381,-0.812561
1511885708305706,-0.224548,0.155273,-0.515259,-0.8125
1511885708326766,-0.225403,0.154724,-0.514832,-0.812561
1511885708341934,-0.22583,0.154785,-0.514526,-0.812683
1511885708365960,-0.226501,0.154785,-0.514099,-0.812744
1511885708387042,-0.227478,0.154297,-0.513794,-0.812744
1511885708402095,-0.228943,0.15332,-0.513611,-0.812622
1511885708425168,-0.230774,0.152344,-0.513489,-0.812378
1511885708446174,-0.231812,0.151917,-0.513,-0.812439
1511885708462221,-0.231995,0.151489,-0.512573,-0.812744
1511885708485311,-0.232727,0.15033,-0.512207,-0.812988
1511885708506335,-0.23468,0.148438,-0.511719,-0.81311
1511885708522376,-0.236145,0.146362,-0.511108,-0.813477
1511885708545438,-0.235779,0.145264,-0.510193,-0.81427
1511885708566535,-0.235657,0.144226,-0.509521,-0.814941
1511885708582539,-0.237793,0.142151,-0.509094,-0.814941
1511885708605596,-0.240601,0.139587,-0.508728,-0.814758
1511885708626652,-0.24292,0.13739,-0.508606,-0.814575
1511885708648809,-0.244812,0.135315,-0.508484,-0.814453
1511885708665756,-0.245972,0.134033,-0.508362,-0.814392
1511885708687003,-0.246826,0.132935,-0.508362,-0.814331
1511885708708985,-0.247742,0.131897,-0.508606,-0.814026
1511885708725921,-0.248962,0.130859,-0.508972,-0.813599
1511885708747974,-0.25,0.130127,-0.509521,-0.813049
1511885708769102,-0.251587,0.129333,-0.510376,-0.812134
1511885708793095,-0.253784,0.128052,-0.511536,-0.810913
1511885708806132,-0.256348,0.126404,-0.512817,-0.80957
1511885708829202,-0.258667,0.124451,-0.514221,-0.808228
1511885708845235,-0.261414,0.122192,-0.51593,-0.806641
1511885708866332,-0.264587,0.119202,-0.517822,-0.80481
1511885708889351,-0.267517,0.115906,-0.519897,-0.802979
1511885708905394,-0.269287,0.112427,-0.521851,-0.801636
1511885708926556,-0.269592,0.109009,-0.524109,-0.800537
1511885708948511,-0.27002,0.104797,-0.52655,-0.799316
1511885708965555,-0.269775,0.100464,-0.529236,-0.798218
1511885708986652,-0.270264,0.09552,-0.532349,-0.79657
1511885709008713,-0.273132,0.0889282,-0.535828,-0.794006
1511885709025717,-0.277954,0.0800171,-0.539551,-0.790771
1511885709047771,-0.281067,0.0705566,-0.543274,-0.788025
1511885709068828,-0.281006,0.0612183,-0.54718,-0.786133
1511885709084871,-0.279907,0.0513916,-0.550659,-0.78479
1511885709107002,-0.276489,0.0403442,-0.553711,-0.784485
1511885709129040,-0.27002,0.0284424,-0.55658,-0.785278
1511885709145080,-0.259033,0.0167236,-0.559998,-0.786865
1511885709166139,-0.250916,0.00244141,-0.563599,-0.787109
1511885709189329,-0.247925,-0.0153809,-0.565857,-0.786255
1511885709204369,-0.244507,-0.0359497,-0.567383,-0.785583
1511885709228438,-0.23877,-0.05896,-0.568604,-0.785034
1511885709249502,-0.229065,-0.0820923,-0.569458,-0.785217
1511885709264535,-0.221313,-0.106995,-0.568054,-0.785461
1511885709287596,-0.216797,-0.135986,-0.563782,-0.785339
1511885709308691,-0.210083,-0.168274,-0.557556,-0.785339
1511885709324690,-0.194641,-0.197876,-0.550781,-0.78717
1511885709347751,-0.17981,-0.226135,-0.54187,-0.789307
1511885709368966,-0.168396,-0.256714,-0.529175,-0.791077
1511885709384850,-0.154968,-0.289246,-0.514771,-0.792114
1511885709407911,-0.136292,-0.318054,-0.498901,-0.794678
1511885709429055,-0.118042,-0.341431,-0.481323,-0.798706
1511885709445010,-0.104309,-0.364624,-0.46051,-0.802612
1511885709468199,-0.0943604,-0.388489,-0.437561,-0.805481
1511885709489309,-0.0872192,-0.41156,-0.410522,-0.809082
1511885709504305,-0.079895,-0.428833,-0.38324,-0.814209
1511885709527533,-0.074585,-0.442383,-0.355774,-0.819885
1511885709548597,-0.0722046,-0.454224,-0.328064,-0.825195
1511885709564639,-0.0722656,-0.46521,-0.300537,-0.82959
1511885709587693,-0.0739136,-0.472473,-0.272766,-0.834839
1511885709608880,-0.0755615,-0.475098,-0.246887,-0.841309
1511885709624791,-0.0770264,-0.474854,-0.223999,-0.847656
1511885709647858,-0.0800781,-0.4729,-0.203125,-0.853699
1511885709669017,-0.0858154,-0.468018,-0.182983,-0.860352
1511885709684951,-0.0946655,-0.460938,-0.164124,-0.867065
1511885709708012,-0.105835,-0.452087,-0.147888,-0.873291
1511885709729094,-0.117859,-0.441162,-0.134827,-0.879456
1511885709745148,-0.128845,-0.427917,-0.12384,-0.886047
1511885709768255,-0.139893,-0.412781,-0.11322,-0.892944
1511885709789313,-0.152039,-0.395874,-0.104553,-0.899597
1511885709804373,-0.164612,-0.377502,-0.0983887,-0.906006
1511885709828413,-0.177856,-0.357971,-0.0941772,-0.911865
1511885709849471,-0.191223,-0.337158,-0.0916748,-0.917297
1511885709864507,-0.204529,-0.315247,-0.0910034,-0.922302
1511885709887569,-0.217834,-0.292725,-0.092041,-0.926575
1511885709908727,-0.229675,-0.269409,-0.0949707,-0.93042
1511885709924669,-0.240234,-0.245544,-0.0996094,-0.933899
1511885709947729,-0.250732,-0.221497,-0.105469,-0.936523
1511885709968789,-0.26062,-0.197449,-0.112671,-0.938354
1511885709984828,-0.269287,-0.173157,-0.121765,-0.939575
1511885710006889,-0.277466,-0.148926,-0.131592,-0.940002
1511885710029077,-0.284729,-0.124878,-0.142456,-0.939758
1511885710045123,-0.291504,-0.101196,-0.154053,-0.93866
1511885710068182,-0.299255,-0.0783081,-0.166565,-0.93634
1511885710089238,-0.306091,-0.0560303,-0.180725,-0.933044
1511885710105281,-0.310425,-0.0342407,-0.195923,-0.929626
1511885710127344,-0.3125,-0.0125732,-0.211609,-0.926025
1511885710150402,-0.312744,0.00811768,-0.228088,-0.922058
1511885710173466,-0.311768,0.0278931,-0.245178,-0.917603
1511885710187603,-0.310303,0.046936,-0.262451,-0.912537
1511885710210658,-0.308472,0.0653076,-0.279907,-0.906799
1511885710224695,-0.307312,0.0820923,-0.297852,-0.900085
1511885710247761,-0.305786,0.097229,-0.315857,-0.892944
1511885710270821,-0.30188,0.111511,-0.333252,-0.88623
1511885710284855,-0.295776,0.125244,-0.350281,-0.879883
1511885710307047,-0.289612,0.137756,-0.367249,-0.873108
1511885710330107,-0.285034,0.14856,-0.384277,-0.865479
1511885710351167,-0.280518,0.15802,-0.401245,-0.857544
1511885710367211,-0.273987,0.166809,-0.417725,-0.850098
1511885710392279,-0.266846,0.175415,-0.433899,-0.842529
1511885710413328,-0.261597,0.183044,-0.449951,-0.834106
1511885710427366,-0.257629,0.189392,-0.465576,-0.825256
1511885710450428,-0.253357,0.194336,-0.481018,-0.816528
1511885710471484,-0.246948,0.198975,-0.496216,-0.808228
1511885710487537,-0.241882,0.202393,-0.510437,-0.800049
1511885710510598,-0.23877,0.204285,-0.522949,-0.792358
1511885710531652,-0.235107,0.204529,-0.533813,-0.786133
1511885710547688,-0.231445,0.203125,-0.54303,-0.78125
1511885710570748,-0.228516,0.20105,-0.550537,-0.777405
1511885710591964,-0.226318,0.198547,-0.556213,-0.774658
1511885710606846,-0.224121,0.196045,-0.560059,-0.773132
1511885710630971,-0.222839,0.193115,-0.562744,-0.772278
1511885710651030,-0.224121,0.189026,-0.564758,-0.771484
1511885710667158,-0.226624,0.184082,-0.565918,-0.771057
1511885710690219,-0.228577,0.180115,-0.56604,-0.771362
1511885710711279,-0.229797,0.177612,-0.565491,-0.771973
1511885710727399,-0.230957,0.175781,-0.564514,-0.772766
1511885710750457,-0.231995,0.173767,-0.563599,-0.773621
1511885710771512,-0.233215,0.17157,-0.562866,-0.774231
1511885710787556,-0.234741,0.169067,-0.561768,-0.775146
1511885710810617,-0.235535,0.167419,-0.560059,-0.776489
1511885710831673,-0.235535,0.166138,-0.558167,-0.778137
1511885710847722,-0.236145,0.164429,-0.556519,-0.77948
1511885710870777,-0.237671,0.162231,-0.554871,-0.78064
1511885710891961,-0.238953,0.160034,-0.552979,-0.782043
1511885710907021,-0.239868,0.158264,-0.551086,-0.783447
1511885710930086,-0.240967,0.156616,-0.549194,-0.78479
1511885710951189,-0.241882,0.154968,-0.547241,-0.786194
1511885710967161,-0.24231,0.153564,-0.54541,-0.787598
1511885710990331,-0.242859,0.152405,-0.543823,-0.788757
1511885711011281,-0.243408,0.151367,-0.542297,-0.789856
1511885711027320,-0.243408,0.150574,-0.540833,-0.791016
1511885711049382,-0.243408,0.14978,-0.539612,-0.791992
1511885711078703,-0.243896,0.148926,-0.538696,-0.792603
1511885711087637,-0.244568,0.148499,-0.53772,-0.793152
1511885711109675,-0.24469,0.14856,-0.536743,-0.793762
1511885711132728,-0.244385,0.148621,-0.535828,-0.794495
1511885711147769,-0.244812,0.147888,-0.534912,-0.795105
1511885711169827,-0.245789,0.146912,-0.534119,-0.795471
1511885711192888,-0.246582,0.14624,-0.533325,-0.795898
1511885711206995,-0.24707,0.145752,-0.532593,-0.796326
1511885711229991,-0.24762,0.144958,-0.531738,-0.796875
1511885711253049,-0.247437,0.144714,-0.530823,-0.797546
1511885711267086,-0.247559,0.14447,-0.530151,-0.798035
1511885711290152,-0.248596,0.143616,-0.529541,-0.798279
1511885711313210,-0.249817,0.142639,-0.52887,-0.798523
1511885711327297,-0.250183,0.141968,-0.528137,-0.799011
1511885711349309,-0.250427,0.141357,-0.527283,-0.799622
1511885711373369,-0.250732,0.140686,-0.52655,-0.80011
1511885711387414,-0.250977,0.139832,-0.525757,-0.800659
1511885711409494,-0.250916,0.13916,-0.524963,-0.801331
1511885711432557,-0.251099,0.138733,-0.52417,-0.80188
1511885711453722,-0.251831,0.138184,-0.523315,-0.802307
1511885711469713,-0.252502,0.137573,-0.5224,-0.802795
1511885711492773,-0.253235,0.137085,-0.521606,-0.803162
1511885711506812,-0.25415,0.136536,-0.520874,-0.803467
1511885711529870,-0.255493,0.135681,-0.52002,-0.803711
1511885711552931,-0.256226,0.135132,-0.519104,-0.804138
1511885711566969,-0.256958,0.134766,-0.518433,-0.804443
1511885711590030,-0.258118,0.133911,-0.517822,-0.804626
1511885711613091,-0.25885,0.133301,-0.517151,-0.804932
1511885711641420,-0.258972,0.132874,-0.516541,-0.805298
1511885711649322,-0.259338,0.132324,-0.516052,-0.805603
1511885711673390,-0.259521,0.131714,-0.515625,-0.805908
1511885711694441,-0.259216,0.131104,-0.515259,-0.806396
1511885711709485,-0.258179,0.130554,-0.514893,-0.807007
1511885711732557,-0.257446,0.129883,-0.514648,-0.807495
1511885711753643,-0.257202,0.129028,-0.514648,-0.807739
1511885711769642,-0.257385,0.127869,-0.514832,-0.807739
1511885711792704,-0.257568,0.126953,-0.515015,-0.807678
1511885711813899,-0.257446,0.126404,-0.515137,-0.807739
1511885711829917,-0.257446,0.12561,-0.515198,-0.807861
1511885711852978,-0.257629,0.124634,-0.515198,-0.807922
1511885711881165,-0.257996,0.123718,-0.515259,-0.807922
1511885711890081,-0.258301,0.122925,-0.51532,-0.807922
1511885711912169,-0.258606,0.12207,-0.515259,-0.807983
1511885711934401,-0.259033,0.121033,-0.515259,-0.807983
1511885711950306,-0.259705,0.119873,-0.515381,-0.807861
1511885711972329,-0.260315,0.118835,-0.515625,-0.807678
1511885711994564,-0.260498,0.117737,-0.516052,-0.807495
1511885712009454,-0.260498,0.116699,-0.516418,-0.807373
1511885712032489,-0.259705,0.115784,-0.516968,-0.807434
1511885712053587,-0.258545,0.11499,-0.518005,-0.807312
1511885712077609,-0.25769,0.113831,-0.519287,-0.806885
1511885712092814,-0.256897,0.112488,-0.520752,-0.806396
1511885712115714,-0.256409,0.111328,-0.5224,-0.805664
1511885712130750,-0.25647,0.109863,-0.524231,-0.804626
1511885712152839,-0.256714,0.108215,-0.526123,-0.803528
1511885712176023,-0.257324,0.106018,-0.528198,-0.802307
1511885712190019,-0.257324,0.103638,-0.530273,-0.801208
1511885712212076,-0.256409,0.101685,-0.532532,-0.800232
1511885712235143,-0.25531,0.0995483,-0.535034,-0.799255
1511885712250179,-0.25415,0.0973511,-0.537659,-0.798096
1511885712272255,-0.25293,0.0949097,-0.54071,-0.796692
1511885712295299,-0.253296,0.0914307,-0.54425,-0.794556
1511885712309463,-0.255432,0.0861816,-0.548157,-0.791809
1511885712332494,-0.257996,0.0795898,-0.552246,-0.788818
1511885712355554,-0.257324,0.0731201,-0.556458,-0.786682
1511885712376613,-0.254578,0.0671387,-0.560669,-0.785156
1511885712392810,-0.250427,0.0602417,-0.565002,-0.783936
1511885712415718,-0.245789,0.0521851,-0.569519,-0.782715
1511885712436172,-0.239258,0.0429077,-0.574524,-0.781616
1511885712452064,-0.230896,0.0322876,-0.580444,-0.780273
1511885712475098,-0.224182,0.019104,-0.586243,-0.77832
1511885712496369,-0.214844,0.00457764,-0.591248,-0.777344
1511885712512412,-0.203064,-0.0112915,-0.595581,-0.777222
1511885712535472,-0.188232,-0.0287476,-0.599854,-0.777222
1511885712556569,-0.170471,-0.046814,-0.604187,-0.777039
1511885712572571,-0.155945,-0.0689697,-0.606262,-0.776855
1511885712595632,-0.142517,-0.0950928,-0.60553,-0.777222
1511885712616843,-0.127869,-0.124084,-0.602478,-0.778076
1511885712631897,-0.112671,-0.153076,-0.597656,-0.778992
1511885712655948,-0.104675,-0.186096,-0.590271,-0.778503
1511885712676271,-0.100769,-0.224487,-0.577209,-0.778687
1511885712692143,-0.0939941,-0.262756,-0.559875,-0.780212
1511885712715204,-0.0836792,-0.296936,-0.541077,-0.78241
1511885712736565,-0.0736084,-0.330078,-0.518921,-0.785095
1511885712752428,-0.0637207,-0.362427,-0.492859,-0.788513
1511885712775621,-0.0566406,-0.391968,-0.46405,-0.792419
1511885712796676,-0.0530396,-0.419128,-0.432495,-0.79657
1511885712812719,-0.0490723,-0.441284,-0.399231,-0.802246
1511885712834778,-0.0419312,-0.456177,-0.367188,-0.80957
1511885712856984,-0.0374146,-0.467285,-0.334778,-0.817505
1511885712872000,-0.0378418,-0.47699,-0.302368,-0.824463
1511885712895097,-0.0393677,-0.481995,-0.272522,-0.831848
1511885712916150,-0.0400391,-0.481018,-0.246399,-0.840515
1511885712932192,-0.0437012,-0.477295,-0.222107,-0.849182
1511885712955262,-0.0509644,-0.470337,-0.20105,-0.857849
1511885712976353,-0.0599976,-0.459595,-0.184143,-0.866821
1511885712992355,-0.071106,-0.446838,-0.169373,-0.87561
1511885713014411,-0.0836792,-0.432312,-0.155334,-0.884338
1511885713037476,-0.0979004,-0.415283,-0.144226,-0.892883
1511885713052515,-0.11322,-0.396484,-0.135742,-0.90094
1511885713074570,-0.12854,-0.37616,-0.129395,-0.908447
1511885713097663,-0.142883,-0.354187,-0.124451,-0.915833
1511885713112674,-0.158325,-0.330811,-0.120789,-0.922485
1511885713134734,-0.175171,-0.306824,-0.119263,-0.927917
1511885713157816,-0.190796,-0.28241,-0.120117,-0.932495
1511885713171834,-0.202576,-0.256897,-0.123962,-0.936829
1511885713194891,-0.213562,-0.230896,-0.129517,-0.94043
1511885713217952,-0.222351,-0.20459,-0.136597,-0.943481
1511885713231989,-0.229309,-0.178345,-0.14502,-0.945862
1511885713254291,-0.236328,-0.152466,-0.153931,-0.947266
1511885713278356,-0.243896,-0.127258,-0.163086,-0.94751
1511885713299415,-0.25,-0.102661,-0.172791,-0.947205
1511885713314455,-0.255615,-0.0790405,-0.182922,-0.946045
1511885713328492,-0.262756,-0.0567627,-0.193848,-0.943542
1511885713350676,-0.271057,-0.0358887,-0.205383,-0.939758
1511885713373843,-0.27771,-0.0160522,-0.21814,-0.935486
1511885713387789,-0.282898,0.00280762,-0.231628,-0.930786
1511885713411005,-0.287598,0.0204468,-0.245667,-0.925537
1511885713442090,-0.291504,0.0370483,-0.260681,-0.919678
1511885713448103,-0.294312,0.0526733,-0.276611,-0.91333
1511885713471166,-0.296448,0.0671387,-0.293457,-0.906433
1511885713494237,-0.29718,0.0809937,-0.310913,-0.89917
1511885713508306,-0.296509,0.0942993,-0.328796,-0.891724
1511885713531324,-0.295105,0.106506,-0.347229,-0.883789
1511885713554418,-0.292847,0.117126,-0.365479,-0.875793
1511885713568552,-0.288086,0.127747,-0.382568,-0.868591
1511885713590703,-0.281555,0.138611,-0.399414,-0.86145
1511885713613735,-0.275269,0.148193,-0.416626,-0.853699
1511885713627995,-0.268921,0.15564,-0.433594,-0.845886
1511885713651073,-0.261108,0.163208,-0.448669,-0.83905
1511885713674312,-0.252747,0.171143,-0.462341,-0.832581
1511885713688203,-0.245422,0.177124,-0.476196,-0.825623
1511885713710341,-0.24054,0.180176,-0.488953,-0.81897
1511885713734537,-0.234802,0.182739,-0.500061,-0.813293
1511885713748485,-0.227478,0.185791,-0.510315,-0.80835
1511885713770645,-0.222046,0.187195,-0.520325,-0.803162
1511885713793655,-0.219238,0.186462,-0.529236,-0.798218
1511885713808827,-0.215027,0.186157,-0.536743,-0.794434
1511885713830882,-0.208862,0.186829,-0.543579,-0.79126
1511885713853903,-0.203796,0.18689,-0.550293,-0.787903
1511885713867982,-0.201355,0.185425,-0.555847,-0.784973
1511885713891184,-0.198608,0.184265,-0.559937,-0.78302
1511885713914179,-0.195679,0.183289,-0.563416,-0.781555
1511885713928101,-0.195007,0.18042,-0.566772,-0.779907
1511885713951163,-0.196594,0.176453,-0.569092,-0.778748
1511885713974345,-0.197571,0.173706,-0.569763,-0.778625
1511885713988259,-0.196838,0.172791,-0.569336,-0.779358
1511885714010360,-0.196899,0.171448,-0.568848,-0.779968
1511885714034412,-0.198608,0.16864,-0.568054,-0.780701
1511885714048465,-0.200684,0.165955,-0.566711,-0.781738
1511885714070479,-0.202515,0.163879,-0.565063,-0.782898
1511885714094546,-0.204651,0.161499,-0.563232,-0.78418
1511885714108622,-0.206177,0.159607,-0.561035,-0.785706
1511885714130640,-0.206421,0.158569,-0.558594,-0.787598
1511885714153699,-0.206116,0.157959,-0.556274,-0.789429
1511885714168814,-0.206055,0.157104,-0.554016,-0.791199
1511885714190968,-0.205933,0.156067,-0.551819,-0.792969
1511885714213861,-0.205627,0.155029,-0.549622,-0.7948
1511885714227895,-0.205627,0.154358,-0.547791,-0.796204
1511885714251041,-0.207581,0.152832,-0.546204,-0.797058
1511885714274197,-0.209961,0.151306,-0.544556,-0.797852
1511885714288059,-0.211548,0.150391,-0.542847,-0.798767
1511885714311117,-0.212952,0.149353,-0.54126,-0.799683
1511885714334195,-0.214783,0.14801,-0.539856,-0.800354
1511885714348219,-0.216248,0.14679,-0.538513,-0.801086
1511885714370489,-0.21698,0.14624,-0.537048,-0.802002
1511885714393553,-0.216858,0.146118,-0.535645,-0.802979
1511885714408593,-0.217102,0.145813,-0.534607,-0.80365
1511885714430652,-0.218506,0.144897,-0.533691,-0.804077
1511885714453901,-0.219849,0.143921,-0.532715,-0.804504
1511885714468793,-0.220703,0.143433,-0.53186,-0.804932
1511885714490851,-0.221375,0.143127,-0.531189,-0.805298
1511885714513912,-0.222046,0.1427,-0.530457,-0.805603
1511885714527947,-0.222473,0.142273,-0.529663,-0.806091
1511885714551008,-0.222839,0.141785,-0.528931,-0.80658
1511885714574247,-0.2229,0.141418,-0.528259,-0.807068
1511885714588143,-0.223145,0.141113,-0.527832,-0.807312
1511885714611181,-0.223999,0.140747,-0.527283,-0.807495
1511885714634246,-0.224915,0.140259,-0.526672,-0.807739
1511885714648581,-0.225647,0.139771,-0.526245,-0.807922
1511885714670719,-0.22644,0.138855,-0.525879,-0.808105
1511885714693782,-0.227051,0.138062,-0.525452,-0.808289
1511885714708786,-0.227661,0.137268,-0.525024,-0.808594
1511885714730846,-0.227661,0.137024,-0.524719,-0.808777
1511885714753904,-0.228149,0.136658,-0.524719,-0.808716
1511885714776175,-0.22937,0.135559,-0.52478,-0.808533
1511885714791134,-0.230347,0.134521,-0.524719,-0.808411
1511885714814229,-0.23114,0.133972,-0.52478,-0.808289
1511885714828231,-0.232483,0.13324,-0.525146,-0.8078
1511885714850291,-0.234924,0.131592,-0.525635,-0.807068
1511885714874460,-0.237427,0.129578,-0.526123,-0.806274
1511885714888390,-0.239136,0.127808,-0.526611,-0.805725
1511885714910450,-0.23999,0.126099,-0.527283,-0.805359
1511885714933513,-0.24054,0.124084,-0.528198,-0.804871
1511885714948552,-0.241089,0.12207,-0.529297,-0.804321
1511885714970731,-0.241089,0.120422,-0.530579,-0.803711
1511885714992884,-0.241028,0.119019,-0.532166,-0.802856
1511885715008857,-0.241333,0.117493,-0.533875,-0.80188
1511885715030893,-0.24176,0.115784,-0.535828,-0.80072
1511885715053169,-0.241943,0.113831,-0.537964,-0.7995
1511885715068440,-0.242065,0.111816,-0.540344,-0.798096
1511885715091345,-0.242065,0.109558,-0.54303,-0.796631
1511885715113377,-0.242249,0.106934,-0.546021,-0.794922
1511885715128415,-0.242188,0.104248,-0.549316,-0.792969
1511885715150478,-0.24115,0.101563,-0.553284,-0.790894
1511885715173578,-0.239441,0.0982056,-0.557922,-0.788574
1511885715188578,-0.237671,0.0939941,-0.562988,-0.786011
1511885715210666,-0.235718,0.0892944,-0.568542,-0.783203
1511885715233697,-0.233398,0.083374,-0.574707,-0.779968
1511885715248737,-0.231079,0.0759888,-0.58136,-0.776489
1511885715270811,-0.228699,0.0675659,-0.588318,-0.772705
1511885715293053,-0.226501,0.0578613,-0.595093,-0.768982
1511885715316115,-0.224304,0.0462646,-0.601624,-0.76532
1511885715331156,-0.219788,0.0341187,-0.608582,-0.761719
1511885715353378,-0.21521,0.0199585,-0.61554,-0.757935
1511885715376438,-0.210815,0.00378418,-0.62146,-0.754578
1511885715390445,-0.203125,-0.0126953,-0.625732,-0.753052
1511885715413497,-0.194092,-0.0307007,-0.628601,-0.752563
1511885715436556,-0.1828,-0.0496826,-0.63092,-0.75238
1511885715450596,-0.172852,-0.0718994,-0.633057,-0.751221
1511885715473794,-0.163269,-0.0974121,-0.632813,-0.750671
1511885715496847,-0.152893,-0.125,-0.63031,-0.750916
1511885715510883,-0.138611,-0.150879,-0.626282,-0.752258
1511885715532993,-0.123474,-0.176514,-0.621399,-0.753357
1511885715557008,-0.109741,-0.205383,-0.612976,-0.755066
1511885715571078,-0.0959473,-0.235352,-0.600342,-0.758362
1511885715593195,-0.0842285,-0.264832,-0.585449,-0.761658
1511885715616364,-0.0752563,-0.295227,-0.568665,-0.76416
1511885715631274,-0.0679321,-0.326965,-0.548096,-0.766907
1511885715653373,-0.0601196,-0.356873,-0.523804,-0.771179
1511885715676440,-0.0516357,-0.382202,-0.497681,-0.776917
1511885715699463,-0.0441895,-0.404785,-0.470703,-0.782776
1511885715713495,-0.0403442,-0.427856,-0.440369,-0.78833
1511885715736684,-0.0348511,-0.445068,-0.409851,-0.795532
1511885715750715,-0.0302734,-0.456238,-0.38092,-0.803711
1511885715773846,-0.0304565,-0.466003,-0.353088,-0.810791
1511885715796883,-0.0346069,-0.474182,-0.325012,-0.817566
1511885715810916,-0.0372314,-0.476013,-0.299866,-0.825989
1511885715832979,-0.0404663,-0.473877,-0.278137,-0.834595
1511885715856210,-0.0464478,-0.468872,-0.259644,-0.843018
1511885715870303,-0.0570679,-0.463928,-0.243835,-0.849792
1511885715893400,-0.0668945,-0.456238,-0.230164,-0.857056
1511885715915462,-0.0756836,-0.44519,-0.218689,-0.865051
1511885715930501,-0.088623,-0.433289,-0.209412,-0.872131
1511885715953677,-0.100403,-0.419861,-0.201721,-0.879211
1511885715975718,-0.110291,-0.403687,-0.195313,-0.887024
1511885715990892,-0.120911,-0.385742,-0.189697,-0.894836
1511885716012965,-0.134094,-0.366943,-0.185303,-0.901733
1511885716036133,-0.1474,-0.346985,-0.18219,-0.908142
1511885716051145,-0.159241,-0.325989,-0.180664,-0.914246
1511885716073128,-0.169128,-0.303711,-0.180542,-0.920166
1511885716095625,-0.179932,-0.280823,-0.181213,-0.925232
1511885716110836,-0.191895,-0.258118,-0.183105,-0.929016
1511885716133756,-0.203247,-0.235168,-0.186218,-0.932129
1511885716155821,-0.212341,-0.211304,-0.191223,-0.934753
1511885716170828,-0.22113,-0.187561,-0.197388,-0.936523
1511885716192886,-0.229919,-0.164063,-0.204712,-0.937195
1511885716215948,-0.239868,-0.141296,-0.212646,-0.936707
1511885716230988,-0.251465,-0.119324,-0.221497,-0.934631
1511885716253048,-0.262634,-0.0980225,-0.232239,-0.931458
1511885716276271,-0.2724,-0.0772095,-0.244202,-0.92749
1511885716291307,-0.279663,-0.0565186,-0.257263,-0.923279
1511885716313398,-0.285645,-0.036377,-0.271484,-0.918396
1511885716335417,-0.291382,-0.0175171,-0.286865,-0.912476
1511885716350454,-0.294983,0.000488281,-0.303345,-0.906128
1511885716373649,-0.296204,0.0178223,-0.320007,-0.89978
1511885716395705,-0.294128,0.0352173,-0.337036,-0.893738
1511885716410916,-0.291199,0.0522461,-0.354797,-0.886963
1511885716432806,-0.289429,0.0673828,-0.373657,-0.878723
1511885716455948,-0.287292,0.0808105,-0.393005,-0.869812
1511885716470904,-0.281555,0.0945435,-0.412537,-0.861206
1511885716492966,-0.273987,0.108032,-0.43219,-0.852417
1511885716516109,-0.266724,0.119995,-0.452148,-0.842712
1511885716531131,-0.257935,0.131836,-0.47168,-0.832886
1511885716553146,-0.248779,0.142761,-0.490845,-0.822693
1511885716577188,-0.242065,0.151917,-0.51001,-0.81134
1511885716592228,-0.239563,0.158081,-0.528687,-0.798889
1511885716613340,-0.237976,0.162537,-0.544312,-0.787903
1511885716635345,-0.232117,0.168701,-0.556396,-0.779846
1511885716652387,-0.225464,0.173523,-0.566589,-0.773376
1511885716673542,-0.223511,0.173523,-0.575867,-0.76709
1511885716695700,-0.224121,0.169861,-0.583679,-0.761841
1511885716720770,-0.223389,0.166077,-0.5896,-0.75824
1511885716732800,-0.22052,0.164063,-0.593872,-0.756165
1511885716755864,-0.217346,0.163086,-0.597046,-0.754822
1511885716771901,-0.215027,0.161804,-0.599182,-0.754089
1511885716792960,-0.212646,0.160583,-0.600403,-0.754089
1511885716816056,-0.210632,0.158936,-0.60144,-0.75415
1511885716832094,-0.211121,0.155579,-0.6026,-0.753784
1511885716853155,-0.213074,0.151672,-0.602966,-0.753723
1511885716876238,-0.213806,0.149414,-0.602478,-0.754395
1511885716892255,-0.213379,0.14801,-0.60144,-0.755554
1511885716913314,-0.213684,0.145691,-0.60022,-0.756897
1511885716935621,-0.2146,0.143005,-0.598755,-0.758362
1511885716952577,-0.215271,0.140503,-0.597168,-0.759827
1511885716973601,-0.216125,0.138184,-0.595581,-0.761292
1511885716995660,-0.217102,0.13623,-0.593811,-0.762756
1511885717012704,-0.218079,0.134521,-0.592041,-0.764099
1511885717033803,-0.218872,0.13324,-0.590271,-0.765503
1511885717055823,-0.218872,0.132629,-0.588684,-0.766846
1511885717071864,-0.21936,0.131836,-0.587463,-0.767761
1511885717092959,-0.221069,0.13031,-0.586365,-0.768372
1511885717116019,-0.222534,0.128967,-0.585022,-0.769226
1511885717132017,-0.2229,0.128601,-0.583801,-0.770081
1511885717155082,-0.222778,0.128418,-0.583252,-0.770569
1511885717176241,-0.223755,0.127502,-0.582825,-0.770752
1511885717192178,-0.224121,0.127014,-0.582458,-0.770996
1511885717213349,-0.223877,0.127441,-0.582275,-0.771179
1511885717235511,-0.223572,0.127808,-0.582275,-0.771179
1511885717252450,-0.223389,0.128418,-0.582153,-0.77124
1511885717273602,-0.223572,0.128784,-0.582092,-0.771179
1511885717295711,-0.224426,0.128601,-0.582031,-0.770996
1511885717311877,-0.225403,0.128357,-0.58197,-0.770813
1511885717332932,-0.225891,0.12854,-0.581909,-0.770691
1511885717356027,-0.226013,0.128601,-0.581787,-0.770691
1511885717372036,-0.225891,0.128418,-0.581604,-0.770935
1511885717393289,-0.225464,0.128235,-0.581665,-0.771057
